,angles,points,dist,comp_time,connections,length
0,36,---,5,0.003336,134,0
1,36,---,7,0.003431,134,0
2,36,---,10,0.004067,134,0
3,360,---,5,0.005417,134,0
4,360,---,7,0.0049,134,0
5,360,---,10,0.005352,134,0
